{
    "win_move": 10000.0,
    "my_height": 22.28540020874664,
    "opp_height": -27.94907717122248,
    "center_control": 11.498133950334724,
    "mobility": 1.225367536592565
}